<?xml version="1.0" encoding="UTF-8" standalone="yes"?>
<addon id="service.NateKodiLIFX"
       name="NateKodiLIFX"
       version="2.0.0"
       provider-name="Nathaniel Baker">
  <requires>
    <import addon="xbmc.python" version="2.1.0"/>
  </requires>
  <extension point="xbmc.service" library="service.py" start="startup"/>
  <extension point="xbmc.addon.metadata">
    <platform>all</platform>
    <summary lang="en">Integrate LIFX to provide a theatre experience.</summary>
    <description>Turn your living room into the complete home theatre experience with LIFX API 2.</description>
    <license>GPL 2.0</license>
  </extension>
</addon>